Date,Forecast,Lower_80,Upper_80
2011-12-11,35951.0,18203.0,53699.0
2011-12-12,76554.0,58806.0,94301.0
2011-12-13,65512.0,47764.0,83260.0
2011-12-14,70782.0,53034.0,88530.0
2011-12-15,69856.0,52108.0,87603.0
2011-12-16,61176.0,43429.0,78924.0
2011-12-18,35951.0,18203.0,53699.0
2011-12-19,76554.0,58806.0,94301.0
2011-12-20,65512.0,47764.0,83260.0
2011-12-21,70782.0,53034.0,88530.0
2011-12-22,69856.0,52108.0,87603.0
2011-12-23,61176.0,43429.0,78924.0
2011-12-25,35951.0,18203.0,53699.0
2011-12-26,76554.0,58806.0,94301.0
2011-12-27,65512.0,47764.0,83260.0
2011-12-28,70782.0,53034.0,88530.0
2011-12-29,69856.0,52108.0,87603.0
2011-12-30,61176.0,43429.0,78924.0
2012-01-01,35951.0,18203.0,53699.0
2012-01-02,76554.0,58806.0,94301.0
2012-01-03,65512.0,47764.0,83260.0
2012-01-04,70782.0,53034.0,88530.0
2012-01-05,69856.0,52108.0,87603.0
2012-01-06,61176.0,43429.0,78924.0
2012-01-08,35951.0,18203.0,53699.0
2012-01-09,76554.0,58806.0,94301.0
2012-01-10,65512.0,47764.0,83260.0
2012-01-11,70782.0,53034.0,88530.0
2012-01-12,69856.0,52108.0,87603.0
2012-01-13,61176.0,43429.0,78924.0
