Date,Revenue,Orders,Customers
2010-12-01,58960.79,127,95
2010-12-02,47748.38,142,99
2010-12-03,46943.71,68,50
2010-12-05,31774.95,88,75
2010-12-06,54830.46,102,82
2010-12-07,99618.2,84,65
2010-12-08,45389.98,116,99
2010-12-09,53586.18,107,90
2010-12-10,59182.92,77,53
2010-12-12,17329.07,44,42
2010-12-13,38006.71,70,59
2010-12-14,45254.73,90,73
2010-12-15,30444.62,74,66
2010-12-16,49352.9,121,98
2010-12-17,45418.33,66,51
2010-12-19,7534.91,23,17
2010-12-20,26789.13,61,41
2010-12-21,47304.090000000004,55,23
2010-12-22,6199.97,17,13
2010-12-23,12076.11,27,15
2011-01-04,16026.08,36,34
2011-01-05,32634.47,55,45
2011-01-06,40382.85,50,45
2011-01-07,28836.59,53,45
2011-01-09,15778.2,48,48
2011-01-10,24569.07,39,32
2011-01-11,68655.59,58,47
2011-01-12,24693.78,45,42
2011-01-13,20624.64,44,41
2011-01-14,47576.9,47,37
2011-01-16,7242.06,25,22
2011-01-17,29333.02,51,45
2011-01-18,95978.05,41,31
2011-01-19,25934.57,35,33
2011-01-20,21246.99,39,30
2011-01-21,32640.3,39,32
2011-01-23,10400.25,27,27
2011-01-24,25733.79,53,43
2011-01-25,29077.47,67,57
2011-01-26,19922.29,56,49
2011-01-27,23730.84,52,50
2011-01-28,20090.65,40,36
2011-01-30,6615.75,24,22
2011-01-31,23640.36,62,50
2011-02-01,29034.99,63,57
2011-02-02,21216.2,63,55
2011-02-03,23479.83,46,44
2011-02-04,25162.19,52,41
2011-02-06,3457.11,11,11
2011-02-07,25955.01,42,35
2011-02-08,20949.92,45,37
2011-02-09,16692.58,29,22
2011-02-10,14896.460000000001,41,39
2011-02-11,22873.1,45,34
2011-02-13,5713.63,20,20
2011-02-14,26703.51,42,36
2011-02-15,39875.74,58,47
2011-02-16,24949.1,63,56
2011-02-17,26372.670000000002,68,50
2011-02-18,16208.75,39,34
2011-02-20,9624.69,26,26
2011-02-21,36388.75,38,31
2011-02-22,32498.35,52,47
2011-02-23,26891.6,63,49
2011-02-24,22809.84,55,52
2011-02-25,20595.74,49,42
2011-02-27,9526.5,33,31
2011-02-28,21755.63,57,49
2011-03-01,26354.96,62,52
2011-03-02,18690.79,43,40
2011-03-03,36404.0,49,46
2011-03-04,19506.8,49,38
2011-03-06,10005.37,27,24
2011-03-07,32356.55,68,49
2011-03-08,25081.62,48,41
2011-03-09,22038.84,53,47
2011-03-10,26120.22,57,46
2011-03-11,25475.18,53,42
2011-03-13,4148.12,16,16
2011-03-14,26019.55,50,41
2011-03-15,23493.49,52,40
2011-03-16,21948.36,52,46
2011-03-17,39904.94,62,51
2011-03-18,28171.79,64,48
2011-03-20,22153.49,60,56
2011-03-21,16715.52,53,47
2011-03-22,31515.579999999998,53,40
2011-03-23,24091.67,63,55
2011-03-24,36697.14,68,63
2011-03-25,31394.21,56,45
2011-03-27,9241.35,32,31
2011-03-28,23176.72,61,52
2011-03-29,70711.92,62,46
2011-03-30,31885.28,75,63
2011-03-31,34335.9,66,57
2011-04-01,25667.510000000002,75,59
2011-04-03,6943.15,20,18
2011-04-04,33254.24,59,49
2011-04-05,30144.77,52,45
2011-04-06,17362.36,40,36
2011-04-07,18512.89,64,57
2011-04-08,25295.64,71,63
2011-04-10,9913.98,32,31
2011-04-11,22353.27,64,54
2011-04-12,25570.3,62,54
2011-04-13,24484.420000000002,60,54
2011-04-14,36104.07,86,75
2011-04-15,28334.121,56,40
2011-04-17,12725.5,42,39
2011-04-18,56026.18,69,56
2011-04-19,24338.7,59,52
2011-04-20,28670.47,63,58
2011-04-21,32615.63,77,64
2011-04-26,31047.43,71,55
2011-04-27,25942.44,65,56
2011-04-28,22501.55,59,49
2011-05-01,6973.66,18,18
2011-05-03,35229.41,66,50
2011-05-04,27544.15,65,55
2011-05-05,29174.29,89,76
2011-05-06,36126.35,82,64
2011-05-08,18867.4,63,58
2011-05-09,27899.71,71,59
2011-05-10,47819.98,96,63
2011-05-11,33687.25,80,56
2011-05-12,61903.09,86,68
2011-05-13,30749.95,73,52
2011-05-15,9924.28,31,29
2011-05-16,39651.28,68,52
2011-05-17,55151.99,82,56
2011-05-18,34483.44,73,62
2011-05-19,35599.35,99,82
2011-05-20,26718.17,71,58
2011-05-22,24231.09,61,57
2011-05-23,34685.6,68,55
2011-05-24,37660.04,68,53
2011-05-25,24408.12,65,52
2011-05-26,33497.03,64,50
2011-05-27,28442.03,64,49
2011-05-29,7394.3,24,20
2011-05-31,22714.06,54,48
2011-06-01,20595.69,42,35
2011-06-02,32826.14,52,33
2011-06-03,16913.25,44,37
2011-06-05,25639.54,67,62
2011-06-06,17789.07,57,54
2011-06-07,37957.72,78,68
2011-06-08,43264.33,99,71
2011-06-09,46389.1,85,76
2011-06-10,62234.439999999995,50,41
2011-06-12,12517.06,39,38
2011-06-13,22457.21,59,49
2011-06-14,40474.01,57,42
2011-06-15,49097.99,59,42
2011-06-16,34584.68,83,74
2011-06-17,21076.17,52,35
2011-06-19,22442.18,60,57
2011-06-20,37514.98,74,49
2011-06-21,24784.37,55,45
2011-06-22,21825.99,60,55
2011-06-23,25242.82,72,64
2011-06-24,19521.96,51,40
2011-06-26,7082.49,26,24
2011-06-27,17015.76,45,31
2011-06-28,35607.32,55,41
2011-06-29,22088.32,42,36
2011-06-30,44797.31,70,55
2011-07-01,13675.06,49,35
2011-07-03,6032.39,25,24
2011-07-04,44652.83,52,32
2011-07-05,40758.43,73,58
2011-07-06,26387.54,70,61
2011-07-07,32445.71,76,67
2011-07-08,27082.1,65,42
2011-07-10,5993.87,24,20
2011-07-11,22605.02,52,43
2011-07-12,26262.55,53,41
2011-07-13,22641.94,59,50
2011-07-14,33602.13,71,61
2011-07-15,14836.43,42,34
2011-07-17,17194.56,51,45
2011-07-18,38831.61,65,45
2011-07-19,50182.83,67,57
2011-07-20,33308.24,58,47
2011-07-21,32818.54,76,59
2011-07-22,20124.86,43,34
2011-07-24,27099.46,58,53
2011-07-25,26887.15,59,49
2011-07-26,21644.261,53,44
2011-07-27,25602.93,48,39
2011-07-28,56269.74,80,68
2011-07-29,18790.4,64,57
2011-07-31,33490.61,42,37
2011-08-01,21388.92,40,35
2011-08-02,26580.6,44,39
2011-08-03,28113.14,64,59
2011-08-04,65502.21,82,76
2011-08-05,21538.58,55,47
2011-08-07,7578.91,30,28
2011-08-08,23377.65,40,38
2011-08-09,27679.44,42,38
2011-08-10,28792.34,49,42
2011-08-11,72433.79,69,58
2011-08-12,32231.35,51,40
2011-08-14,5718.57,25,21
2011-08-15,17243.97,48,46
2011-08-16,19239.66,53,44
2011-08-17,53499.96,54,45
2011-08-18,54106.93,69,64
2011-08-19,17349.59,56,54
2011-08-21,14576.86,39,36
2011-08-22,29651.46,65,57
2011-08-23,25993.68,64,56
2011-08-24,49035.36,76,59
2011-08-25,23827.46,74,68
2011-08-26,25626.44,47,41
2011-08-28,10805.03,37,36
2011-08-30,31866.31,41,23
2011-08-31,25380.17,47,39
2011-09-01,37370.15,76,69
2011-09-02,42322.02,74,58
2011-09-04,17119.59,50,45
2011-09-05,37157.14,68,57
2011-09-06,28349.91,64,54
2011-09-07,34413.53,52,42
2011-09-08,27195.8,76,63
2011-09-09,30075.62,62,52
2011-09-11,35511.67,75,68
2011-09-12,29738.33,68,62
2011-09-13,55117.05,67,61
2011-09-14,23592.98,68,58
2011-09-15,78218.95,83,70
2011-09-16,27724.22,50,44
2011-09-18,15745.73,27,25
2011-09-19,49269.88,71,63
2011-09-20,109612.03,70,53
2011-09-21,48560.68,75,65
2011-09-22,59354.79,112,94
2011-09-23,40601.75,64,56
2011-09-25,31372.661,75,74
2011-09-26,29335.171,66,62
2011-09-27,36322.95,80,67
2011-09-28,43749.06,85,72
2011-09-29,46401.45,105,93
2011-09-30,44357.06,74,60
2011-10-02,11634.53,35,32
2011-10-03,66376.82,68,48
2011-10-04,48810.65,81,65
2011-10-05,75593.63,96,82
2011-10-06,62891.19,122,98
2011-10-07,53790.7,88,74
2011-10-09,12524.4,39,35
2011-10-10,48239.18,100,83
2011-10-11,52572.94,82,69
2011-10-12,32159.28,88,73
2011-10-13,37446.18,77,67
2011-10-14,36347.64,74,61
2011-10-16,22010.96,35,32
2011-10-17,52062.2,89,76
2011-10-18,45332.16,84,73
2011-10-19,42573.36,85,71
2011-10-20,61122.9,89,76
2011-10-21,63226.64,64,56
2011-10-23,12339.16,42,39
2011-10-24,48752.91,78,61
2011-10-25,41314.64,77,65
2011-10-26,38059.43,95,77
2011-10-27,57291.72,106,91
2011-10-28,40565.7,78,60
2011-10-30,34571.23,96,88
2011-10-31,57369.15,72,61
2011-11-01,29155.15,77,74
2011-11-02,45888.34,85,79
2011-11-03,63561.49,103,86
2011-11-04,62977.36,94,73
2011-11-06,42946.340000000004,102,88
2011-11-07,85881.81,93,81
2011-11-08,57700.24,108,95
2011-11-09,66127.57,119,101
2011-11-10,71008.26,129,112
2011-11-11,55257.17,105,87
2011-11-13,34069.92,87,75
2011-11-14,114419.89,107,93
2011-11-15,60807.29,108,93
2011-11-16,65958.17,130,111
2011-11-17,61103.13,137,125
2011-11-18,51275.39,108,98
2011-11-20,35058.57,100,91
2011-11-21,49805.72,100,85
2011-11-22,64089.82,135,120
2011-11-23,80104.18,131,107
2011-11-24,50978.63,113,98
2011-11-25,50822.73,83,69
2011-11-27,20611.08,57,51
2011-11-28,57165.19,115,97
2011-11-29,72595.93,135,109
2011-11-30,60126.96,108,92
2011-12-01,52197.25,121,111
2011-12-02,57664.07,120,95
2011-12-04,24621.43,66,58
2011-12-05,88741.96,127,105
2011-12-06,56713.21,115,103
2011-12-07,75439.16,106,94
2011-12-08,82495.0,120,105
2011-12-09,200920.6,44,35
